INLINE SpellAssociationTable,Item ID,N/A,Chars to Display (1 or 2),N/A,Spell Animation,N/A,Map Effect Proc,Damage,Facing Direction (Map),Color When Hit,N/A
0x0,IronSword,0x0,0x2,0x0,0xffff,0x0,0x0,0x1,0x0,0x0,0x0
0x1,IronBlade,0x0,0x2,0x0,0xffff,0x0,0x0,0x1,0x0,0x0,0x0
0x2,SteelSword,0x0,0x2,0x0,0xffff,0x0,0x0,0x1,0x0,0x0,0x0
0x3,SilverSword,0x0,0x2,0x0,0xffff,0x0,0x0,0x1,0x0,0x0,0x0
0x4,SlimSword,0x0,0x2,0x0,0xffff,0x0,0x0,0x1,0x0,0x0,0x0
0x5,PoisonSword,0x0,0x2,0x0,0xffff,0x0,0x0,0x1,0x0,0x0,0x0
0x6,BraveSword,0x0,0x2,0x0,0xffff,0x0,0x0,0x1,0x0,0x0,0x0
0x7,LightBrand,0x0,0x2,0x0,0x1f,0x0,0x0,0x1,0x0,0x5,0x0
0x8,0xbc,0x0,0x2,0x0,0xffff,0x0,0x0,0x1,0x0,0x0,0x0
0x9,Armourslayer,0x0,0x2,0x0,0xffff,0x0,0x0,0x1,0x0,0x0,0x0
0xa,Rapier,0x0,0x2,0x0,0xffff,0x0,0x0,0x1,0x0,0x0,0x0
0xb,ManiKatti,0x0,0x2,0x0,0xffff,0x0,0x0,0x1,0x0,0x0,0x0
0xc,0xc0,0x0,0x2,0x0,0xffff,0x0,0x0,0x1,0x0,0x0,0x0
0xd,KillingEdge,0x0,0x2,0x0,0xffff,0x0,0x0,0x1,0x0,0x0,0x0
0xe,Lancereaver,0x0,0x2,0x0,0xffff,0x0,0x0,0x1,0x0,0x0,0x0
0xf,Longsword,0x0,0x2,0x0,0xffff,0x0,0x0,0x1,0x0,0x0,0x0
0x10,IronLance,0x0,0x2,0x0,0xffff,0x0,0x0,0x1,0x0,0x0,0x0
0x11,SteelLance,0x0,0x2,0x0,0xffff,0x0,0x0,0x1,0x0,0x0,0x0
0x12,SilverLance,0x0,0x2,0x0,0xffff,0x0,0x0,0x1,0x0,0x0,0x0
0x13,SlimLance,0x0,0x2,0x0,0xffff,0x0,0x0,0x1,0x0,0x0,0x0
0x14,PoisonLance,0x0,0x2,0x0,0xffff,0x0,0x0,0x1,0x0,0x0,0x0
0x15,BraveLance,0x0,0x2,0x0,0xffff,0x0,0x0,0x1,0x0,0x0,0x0
0x16,Javelin,0x0,0x2,0x0,0x3,0x0,0x0,0x1,0x0,0x0,0x0
0x17,Horseslayer,0x0,0x2,0x0,0xffff,0x0,0x0,0x1,0x0,0x0,0x0
0x18,KillerLance,0x0,0x2,0x0,0xffff,0x0,0x0,0x1,0x0,0x0,0x0
0x19,Axereaver,0x0,0x2,0x0,0xffff,0x0,0x0,0x1,0x0,0x0,0x0
0x1a,HeavySpear,0x0,0x2,0x0,0xffff,0x0,0x0,0x1,0x0,0x0,0x0
0x1b,ShortSpear,0x0,0x2,0x0,0x3,0x0,0x0,0x1,0x0,0x0,0x0
0x1c,0xc3,0x0,0x2,0x0,0xffff,0x0,0x0,0x1,0x0,0x0,0x0
0x1d,IronAxe,0x0,0x2,0x0,0xffff,0x0,0x0,0x1,0x0,0x0,0x0
0x1e,SteelAxe,0x0,0x2,0x0,0xffff,0x0,0x0,0x1,0x0,0x0,0x0
0x1f,SilverAxe,0x0,0x2,0x0,0xffff,0x0,0x0,0x1,0x0,0x0,0x0
0x20,PoisonAxe,0x0,0x2,0x0,0xffff,0x0,0x0,0x1,0x0,0x0,0x0
0x21,BraveAxe,0x0,0x2,0x0,0xffff,0x0,0x0,0x1,0x0,0x0,0x0
0x22,HandAxe,0x0,0x2,0x0,0x1,0x0,0x0,0x1,0x0,0x0,0x0
0x23,0xbd,0x0,0x2,0x0,0xffff,0x0,0x0,0x1,0x0,0x0,0x0
0x24,Hammer,0x0,0x2,0x0,0xffff,0x0,0x0,0x1,0x0,0x0,0x0
0x25,KillerAxe,0x0,0x2,0x0,0xffff,0x0,0x0,0x1,0x0,0x0,0x0
0x26,Swordslayer,0x0,0x2,0x0,0xffff,0x0,0x0,0x1,0x0,0x0,0x0
0x27,Swordreaver,0x0,0x2,0x0,0xffff,0x0,0x0,0x1,0x0,0x0,0x0
0x28,DevilAxe,0x0,0x2,0x0,0xffff,0x0,0x0,0x1,0x0,0x0,0x0
0x29,Halberd,0x0,0x2,0x0,0xffff,0x0,0x0,0x1,0x0,0x0,0x0
0x2a,0xc4,0x0,0x2,0x0,0xffff,0x0,0x0,0x1,0x0,0x0,0x0
0x2b,0xc5,0x0,0x2,0x0,0xffff,0x0,0x0,0x1,0x0,0x0,0x0
0x2c,0xc6,0x0,0x2,0x0,0xffff,0x0,0x0,0x1,0x0,0x0,0x0
0x2d,IronBow,0x0,0x2,0x0,0x2,0x0,0x0,0x1,0x0,0x0,0x0
0x2e,SteelBow,0x0,0x2,0x0,0x2,0x0,0x0,0x1,0x0,0x0,0x0
0x2f,SilverBow,0x0,0x2,0x0,0x2,0x0,0x0,0x1,0x0,0x0,0x0
0x30,PoisonBow,0x0,0x2,0x0,0x2,0x0,0x0,0x1,0x0,0x0,0x0
0x31,KillerBow,0x0,0x2,0x0,0x2,0x0,0x0,0x1,0x0,0x0,0x0
0x32,BraveBow,0x0,0x2,0x0,0x2,0x0,0x0,0x1,0x0,0x0,0x0
0x33,ShortBow,0x0,0x2,0x0,0x2,0x0,0x0,0x1,0x0,0x0,0x0
0x34,Longbow,0x0,0x2,0x0,0x2,0x0,0x0,0x1,0x0,0x0,0x0
0x35,0xc7,0x0,0x2,0x0,0x2,0x0,0x0,0x1,0x0,0x0,0x0
0x36,Ballista,0x0,0x2,0x0,0x10,0x0,0x0,0x1,0x0,0x0,0x0
0x37,IronBallista,0x0,0x2,0x0,0x10,0x0,0x0,0x1,0x0,0x0,0x0
0x38,KillerBallista,0x0,0x2,0x0,0x10,0x0,0x0,0x1,0x0,0x0,0x0
0x39,Fire,0x0,0x2,0x0,0x16,0x0,0x0,0x1,0x0,0x2,0x0
0x3a,Thunder,0x0,0x2,0x0,0x19,0x0,0x0,0x1,0x0,0x0,0x0
0x3b,Fimbulvetr,0x0,0x2,0x0,0x1b,0x0,0x0,0x1,0x0,0x4,0x0
0x3c,Elfire,0x0,0x2,0x0,0x17,0x0,0x0,0x1,0x0,0x2,0x0
0x3d,Fenrir,0x0,0x2,0x0,0x25,0x0,0x0,0x1,0x0,0x1,0x0
0x3e,Bolting,0x0,0x2,0x0,0x1a,0x0,0x0,0x1,0x0,0x0,0x0
0x3f,0xbf,0x0,0x2,0x0,0x18,0x0,0x0,0x1,0x0,0x2,0x0
0x40,Lightning,0x0,0x2,0x0,0x1f,0x0,0x0,0x1,0x0,0x5,0x0
0x41,Divine,0x0,0x2,0x0,0x22,0x0,0x0,0x1,0x0,0x5,0x0
0x42,Purge,0x0,0x2,0x0,0x20,0x0,0x0,0x1,0x0,0x5,0x0
0x43,Flux,0x0,0x2,0x0,0x1d,0x0,0x0,0x1,0x0,0x1,0x0
0x44,Nosferatu,0x0,0x2,0x0,0x1e,0x0,0x0,0x1,0x0,0x1,0x0
0x45,Eclipse,0x0,0x2,0x0,0x24,0x0,0x0,0x1,0x0,0x1,0x0
0x46,Heal,0x0,0x2,0x0,0x26,0x0,0x89a4a54,0x1,0x0,0x0,0x0
0x47,Mend,0x0,0x2,0x0,0x27,0x0,0x89a4abc,0x1,0x0,0x0,0x0
0x48,Recover,0x0,0x2,0x0,0x28,0x0,0x89a4b24,0x1,0x0,0x0,0x0
0x49,Physic,0x0,0x2,0x0,0x29,0x0,0x89a4b8c,0x1,0x0,0x0,0x0
0x4a,Fortify,0x0,0x1,0x0,0x2a,0x0,0x89a489c,0x0,0x1,0x0,0x0
0x4b,Warp,0x0,0x2,0x0,0xfffe,0x0,0x89a5214,0x0,0x0,0x0,0x0
0x4c,Rescue,0x0,0x2,0x0,0xfffe,0x0,0x89a5214,0x0,0x0,0x0,0x0
0x4d,Restore,0x0,0x2,0x0,0x2c,0x0,0x89a4f44,0x0,0x0,0x0,0x0
0x4e,Silence,0x0,0x2,0x0,0x2d,0x0,0x89a4ea4,0x0,0x0,0x0,0x0
0x4f,Sleep,0x0,0x2,0x0,0x2e,0x0,0x89a4d64,0x0,0x0,0x0,0x0
0x50,TorchStaff,0x0,0x1,0x0,0xfffe,0x0,0x89a4bf4,0x0,0x1,0x0,0x0
0x51,Hammerne,0x0,0x2,0x0,0x2f,0x0,0x89a4fcc,0x0,0x0,0x0,0x0
0x52,Berserk,0x0,0x2,0x0,0x30,0x0,0x89a4cc4,0x0,0x0,0x0,0x0
0x53,Unlock,0x0,0x1,0x0,0xfffe,0x0,0x89a4c3c,0x0,0x2,0x0,0x0
0x54,Barrier,0x0,0x2,0x0,0x31,0x0,0x89a518c,0x0,0x0,0x0,0x0
0x55,HeroCrest,0x0,0x2,0x0,0x32,0x0,0x0,0x1,0x0,0x0,0x0
0x56,KnightCrest,0x0,0x2,0x0,0x32,0x0,0x0,0x1,0x0,0x0,0x0
0x57,OrionBolt,0x0,0x2,0x0,0x32,0x0,0x0,0x1,0x0,0x0,0x0
0x58,ElysianWhip,0x0,0x2,0x0,0x32,0x0,0x0,0x1,0x0,0x0,0x0
0x59,GuidingRing,0x0,0x2,0x0,0x32,0x0,0x0,0x1,0x0,0x0,0x0
0x5a,MasterProof,0x0,0x2,0x0,0x32,0x0,0x0,0x1,0x0,0x0,0x0
0x5b,HeavenSeal,0x0,0x2,0x0,0x32,0x0,0x0,0x1,0x0,0x0,0x0
0x5c,0xc1,0x0,0x2,0x0,0x32,0x0,0x0,0x1,0x0,0x0,0x0
0x5d,ConquerorsProof,0x0,0x2,0x0,0x32,0x0,0x0,0x1,0x0,0x0,0x0
0x5e,MoonBracelet,0x0,0x2,0x0,0x32,0x0,0x0,0x1,0x0,0x0,0x0
0x5f,SunBracelet,0x0,0x2,0x0,0x32,0x0,0x0,0x1,0x0,0x0,0x0
0x60,Vulnerary,0x0,0x1,0x0,0xfffe,0x0,0x89a49fc,0x1,0x1,0x0,0x0
0x61,Vulnerary_2,0x0,0x1,0x0,0xfffe,0x0,0x89a49fc,0x1,0x1,0x0,0x0
0x62,Elixir,0x0,0x1,0x0,0xfffe,0x0,0x89a49a4,0x1,0x1,0x0,0x0
0x63,PureWater,0x0,0x1,0x0,0xfffe,0x0,0x89a495c,0x0,0x1,0x0,0x0
0x64,Torch,0x0,0x1,0x0,0xfffe,0x0,0x89a4bf4,0x0,0x1,0x0,0x0
0x65,Antidote,0x0,0x1,0x0,0xfffe,0x0,0x89a4914,0x0,0x1,0x0,0x0
0x66,SteelBlade,0x0,0x2,0x0,0xffff,0x0,0x0,0x1,0x0,0x0,0x0
0x67,SilverBlade,0x0,0x2,0x0,0xffff,0x0,0x0,0x1,0x0,0x0,0x0
0x68,Wyrmslayer,0x0,0x2,0x0,0xffff,0x0,0x0,0x1,0x0,0x0,0x0
0x69,Runesword,0x0,0x2,0x0,0x1e,0x0,0x0,0x1,0x0,0x0,0x0
0x6a,Spear,0x0,0x2,0x0,0x3,0x0,0x0,0x1,0x0,0x0,0x0
0x6b,0xc8,0x0,0x2,0x0,0x3,0x0,0x0,0x1,0x0,0x0,0x0
0x6c,Tomahawk,0x0,0x2,0x0,0x1,0x0,0x0,0x1,0x0,0x0,0x0
0x6d,Excalibur,0x0,0x2,0x0,0x35,0x0,0x0,0x1,0x0,0x4,0x0
0x6e,Aircalibur,0x0,0x2,0x0,0x1c,0x0,0x0,0x1,0x0,0x4,0x0
0x6f,Shine,0x0,0x2,0x0,0x33,0x0,0x0,0x1,0x0,0x5,0x0
0x70,Aura,0x0,0x2,0x0,0x37,0x0,0x0,0x1,0x0,0x5,0x0
0x71,0xc9,0x0,0x2,0x0,0x38,0x0,0x0,0x1,0x0,0x5,0x0
0x72,Luna,0x0,0x2,0x0,0x34,0x0,0x0,0x1,0x0,0x1,0x0
0x73,0xcb,0x0,0x2,0x0,0x36,0x0,0x0,0x1,0x0,0x1,0x0
0x74,0xbe,0x0,0x2,0x0,0x21,0x0,0x0,0x1,0x0,0x5,0x0
0x75,WretchedAir,0x0,0x2,0x0,0x47,0x0,0x0,0x1,0x0,0x2,0x0
0x76,0xca,0x0,0x2,0x0,0x39,0x0,0x0,0x1,0x0,0x1,0x0
0x77,FillasMight,0x0,0x2,0x0,0x3a,0x0,0x0,0x0,0x0,0x2,0x0
0x78,NinissGrace,0x0,0x2,0x0,0x3b,0x0,0x0,0x0,0x0,0x4,0x0
0x79,ThorsIre,0x0,0x2,0x0,0x3c,0x0,0x0,0x0,0x0,0x4,0x0
0x7a,SetsLitany,0x0,0x2,0x0,0x3d,0x0,0x0,0x0,0x0,0x3,0x0
0x7b,ShadowKiller,0x0,0x2,0x0,0xffff,0x0,0x0,0x1,0x0,0x0,0x0
0x7c,BrightLance,0x0,0x2,0x0,0xffff,0x0,0x0,0x1,0x0,0x0,0x0
0x7d,FiendCleaver,0x0,0x2,0x0,0xffff,0x0,0x0,0x1,0x0,0x0,0x0
0x7e,BeaconBow,0x0,0x2,0x0,0x2,0x0,0x0,0x1,0x0,0x0,0x0
0x7f,WindSword,0x0,0x2,0x0,0x35,0x0,0x0,0x1,0x0,0x4,0x0
0x80,DragonAxe,0x0,0x2,0x0,0xffff,0x0,0x0,0x1,0x0,0x0,0x0
0x81,DemonShard,0x0,0x2,0x0,0xffff,0x0,0x0,0x1,0x0,0x0,0x0
0x82,RottenClaw,0x0,0x2,0x0,0xffff,0x0,0x0,0x1,0x0,0x0,0x0
0x83,FetidClaw,0x0,0x2,0x0,0xffff,0x0,0x0,0x1,0x0,0x0,0x0
0x84,PoisonClaw,0x0,0x2,0x0,0xffff,0x0,0x0,0x1,0x0,0x0,0x0
0x85,LongPoisonClaw,0x0,0x2,0x0,0xffff,0x0,0x0,0x1,0x0,0x0,0x0
0x86,SharpClaw,0x0,0x2,0x0,0xffff,0x0,0x0,0x1,0x0,0x0,0x0
0x87,FireFang,0x0,0x2,0x0,0xffff,0x0,0x0,0x1,0x0,0x0,0x0
0x88,HellFang,0x0,0x2,0x0,0xffff,0x0,0x0,0x1,0x0,0x0,0x0
0x89,EvilEye,0x0,0x2,0x0,0x43,0x0,0x0,0x1,0x0,0x0,0x0
0x8a,BloodyEye,0x0,0x2,0x0,0x42,0x0,0x0,0x1,0x0,0x0,0x0
0x8b,Stone,0x0,0x2,0x0,0x3e,0x0,0x89a4e04,0x1,0x0,0x0,0x0
0x8c,DemonSurge,0x0,0x2,0x0,0x45,0x0,0x0,0x1,0x0,0x0,0x0
0x8d,Ivaldi,0x0,0x2,0x0,0x3f,0x0,0x0,0x1,0x0,0x0,0x0
0x8e,Gleipnir,0x0,0x2,0x0,0x41,0x0,0x0,0x1,0x0,0x1,0x0
0x8f,Shadowshot,0x0,0x2,0x0,0x44,0x0,0x0,0x1,0x0,0x1,0x0
0x90,Naglfar,0x0,0x2,0x0,0x46,0x0,0x0,0x1,0x0,0x1,0x0
0x91,Shamshir,0x0,0x2,0x0,0xffff,0x0,0x0,0x1,0x0,0x0,0x0
0x92,Sieglinde,0x0,0x2,0x0,0xffff,0x0,0x0,0x1,0x0,0x0,0x0
0x93,Reginleif,0x0,0x2,0x0,0xffff,0x0,0x0,0x1,0x0,0x0,0x0
0x94,DragonSpear,0x0,0x2,0x0,0xffff,0x0,0x0,0x1,0x0,0x0,0x0
0x95,Vidofnir,0x0,0x2,0x0,0xffff,0x0,0x0,0x1,0x0,0x0,0x0
0x96,Audomra,0x0,0x2,0x0,0xffff,0x0,0x0,0x1,0x0,0x0,0x0
0x97,Siegmund,0x0,0x2,0x0,0xffff,0x0,0x0,0x1,0x0,0x0,0x0
0x98,Garm,0x0,0x2,0x0,0xffff,0x0,0x0,0x1,0x0,0x0,0x0
0x99,Nidhogg,0x0,0x2,0x0,0x2,0x0,0x0,0x1,0x0,0x0,0x0
0x9a,Hatchet,0x0,0x2,0x0,0x1,0x0,0x0,0x1,0x0,0x0,0x0
0x9b,BattleAxe,0x0,0x2,0x0,0xffff,0x0,0x0,0x1,0x0,0x0,0x0
0x9c,Latona,0x0,0x1,0x0,0x2b,0x0,0x89a489c,0x0,0x1,0x0,0x0
0x9d,Nightmare,0x0,0x2,0x0,0xffff,0x0,0x89a481c,0x0,0x0,0x0,0x0
0x9e,DemonLight,0x0,0x2,0x0,0x40,0x0,0x0,0x1,0x0,0x0,0x0
0x9f,Ravager,0x0,0x2,0x0,0xffff,0x0,0x0,0x1,0x0,0x0,0x0
0xa0,HolyDragonStone,0x0,0x2,0x0,0x13,0x0,0x0,0x1,0x0,0x0,0x0
0xa1,0xa1,0x0,0x2,0x0,0xffff,0x0,0x0,0x1,0x0,0x0,0x0
0xa2,0xa2,0x0,0x2,0x0,0xffff,0x0,0x0,0x1,0x0,0x0,0x0
0xa3,0xa3,0x0,0x2,0x0,0xffff,0x0,0x0,0x1,0x0,0x0,0x0
0xa4,0xa4,0x0,0x2,0x0,0xffff,0x0,0x0,0x1,0x0,0x0,0x0
0xa5,0xa5,0x0,0x2,0x0,0xffff,0x0,0x0,0x1,0x0,0x0,0x0
0xa6,0xa6,0x0,0x2,0x0,0xffff,0x0,0x0,0x1,0x0,0x0,0x0
0xa7,0xa7,0x0,0x2,0x0,0xffff,0x0,0x0,0x1,0x0,0x0,0x0
0xa8,0xa8,0x0,0x2,0x0,0xffff,0x0,0x0,0x1,0x0,0x0,0x0
0xa9,0xa9,0x0,0x2,0x0,0xffff,0x0,0x0,0x1,0x0,0x0,0x0
0xaa,0xaa,0x0,0x2,0x0,0xffff,0x0,0x0,0x1,0x0,0x0,0x0
0xab,0xab,0x0,0x2,0x0,0xffff,0x0,0x0,0x1,0x0,0x0,0x0
0xac,0xac,0x0,0x2,0x0,0xffff,0x0,0x0,0x1,0x0,0x0,0x0
0xad,0xad,0x0,0x2,0x0,0xffff,0x0,0x0,0x1,0x0,0x0,0x0
0xae,0xae,0x0,0x2,0x0,0xffff,0x0,0x0,0x1,0x0,0x0,0x0
0xaf,0xaf,0x0,0x2,0x0,0xffff,0x0,0x0,0x1,0x0,0x0,0x0
0xb0,0xb0,0x0,0x2,0x0,0xffff,0x0,0x0,0x1,0x0,0x0,0x0
0xb1,0xb1,0x0,0x2,0x0,0xffff,0x0,0x0,0x1,0x0,0x0,0x0
0xb2,0xb2,0x0,0x2,0x0,0xffff,0x0,0x0,0x1,0x0,0x0,0x0
0xb3,0xb3,0x0,0x2,0x0,0xffff,0x0,0x0,0x1,0x0,0x0,0x0
0xb4,0xb4,0x0,0x2,0x0,0xffff,0x0,0x0,0x1,0x0,0x0,0x0
0xb5,0xb5,0x0,0x2,0x0,0xffff,0x0,0x0,0x1,0x0,0x0,0x0
0xb6,0xb6,0x0,0x2,0x0,0xffff,0x0,0x0,0x1,0x0,0x0,0x0
0xb7,0xb7,0x0,0x2,0x0,0xffff,0x0,0x0,0x1,0x0,0x0,0x0
0xb8,0xb8,0x0,0x2,0x0,0xffff,0x0,0x0,0x1,0x0,0x0,0x0
0xb9,0xb9,0x0,0x2,0x0,0xffff,0x0,0x0,0x1,0x0,0x0,0x0
0xba,0xba,0x0,0x2,0x0,0xffff,0x0,0x0,0x1,0x0,0x0,0x0
0xbb,0xbb,0x0,0x2,0x0,0xffff,0x0,0x0,0x1,0x0,0x0,0x0
0xbc,0xbc,0x0,0x2,0x0,0xffff,0x0,0x0,0x1,0x0,0x0,0x0
0xbd,0xbd,0x0,0x2,0x0,0xffff,0x0,0x0,0x1,0x0,0x0,0x0
0xbe,0xbe,0x0,0x2,0x0,0xffff,0x0,0x0,0x1,0x0,0x0,0x0
0xbf,0xbf,0x0,0x2,0x0,0xffff,0x0,0x0,0x1,0x0,0x0,0x0
0xc0,0xc0,0x0,0x2,0x0,0xffff,0x0,0x0,0x1,0x0,0x0,0x0
0xc1,0xc1,0x0,0x2,0x0,0xffff,0x0,0x0,0x1,0x0,0x0,0x0
0xc2,0xc2,0x0,0x2,0x0,0xffff,0x0,0x0,0x1,0x0,0x0,0x0
0xc3,0xc3,0x0,0x2,0x0,0xffff,0x0,0x0,0x1,0x0,0x0,0x0
0xc4,0xc4,0x0,0x2,0x0,0xffff,0x0,0x0,0x1,0x0,0x0,0x0
0xc5,0xc5,0x0,0x2,0x0,0xffff,0x0,0x0,0x1,0x0,0x0,0x0
0xc6,0xc6,0x0,0x2,0x0,0xffff,0x0,0x0,0x1,0x0,0x0,0x0
0xc7,0xc7,0x0,0x2,0x0,0xffff,0x0,0x0,0x1,0x0,0x0,0x0
0xc8,0xc8,0x0,0x2,0x0,0xffff,0x0,0x0,0x1,0x0,0x0,0x0
0xc9,0xc9,0x0,0x2,0x0,0xffff,0x0,0x0,0x1,0x0,0x0,0x0
0xca,0xca,0x0,0x2,0x0,0xffff,0x0,0x0,0x1,0x0,0x0,0x0
0xcb,0xcb,0x0,0x2,0x0,0xffff,0x0,0x0,0x1,0x0,0x0,0x0
0xcc,0xcc,0x0,0x2,0x0,0xffff,0x0,0x0,0x1,0x0,0x0,0x0
0xcd,0xcd,0x0,0x2,0x0,0xffff,0x0,0x0,0x1,0x0,0x0,0x0
0xce,0xce,0x0,0x2,0x0,0xffff,0x0,0x0,0x1,0x0,0x0,0x0
0xcf,0xcf,0x0,0x2,0x0,0xffff,0x0,0x0,0x1,0x0,0x0,0x0
0xd0,0xd0,0x0,0x2,0x0,0xffff,0x0,0x0,0x1,0x0,0x0,0x0
0xd1,0xd1,0x0,0x2,0x0,0xffff,0x0,0x0,0x1,0x0,0x0,0x0
0xd2,0xd2,0x0,0x2,0x0,0xffff,0x0,0x0,0x1,0x0,0x0,0x0
0xd3,0xd3,0x0,0x2,0x0,0xffff,0x0,0x0,0x1,0x0,0x0,0x0
0xd4,0xd4,0x0,0x2,0x0,0xffff,0x0,0x0,0x1,0x0,0x0,0x0
0xd5,0xd5,0x0,0x2,0x0,0xffff,0x0,0x0,0x1,0x0,0x0,0x0
0xd6,0xd6,0x0,0x2,0x0,0xffff,0x0,0x0,0x1,0x0,0x0,0x0
0xd7,0xd7,0x0,0x2,0x0,0xffff,0x0,0x0,0x1,0x0,0x0,0x0
0xd8,0xd8,0x0,0x2,0x0,0xffff,0x0,0x0,0x1,0x0,0x0,0x0
0xd9,0xd9,0x0,0x2,0x0,0xffff,0x0,0x0,0x1,0x0,0x0,0x0
0xda,0xda,0x0,0x2,0x0,0xffff,0x0,0x0,0x1,0x0,0x0,0x0
0xdb,0xdb,0x0,0x2,0x0,0xffff,0x0,0x0,0x1,0x0,0x0,0x0
0xdc,0xdc,0x0,0x2,0x0,0xffff,0x0,0x0,0x1,0x0,0x0,0x0
0xdd,0xdd,0x0,0x2,0x0,0xffff,0x0,0x0,0x1,0x0,0x0,0x0
0xde,0xde,0x0,0x2,0x0,0xffff,0x0,0x0,0x1,0x0,0x0,0x0
0xdf,0xdf,0x0,0x2,0x0,0xffff,0x0,0x0,0x1,0x0,0x0,0x0
0xe0,0xe0,0x0,0x2,0x0,0xffff,0x0,0x0,0x1,0x0,0x0,0x0
0xe1,0xe1,0x0,0x2,0x0,0xffff,0x0,0x0,0x1,0x0,0x0,0x0
0xe2,0xe2,0x0,0x2,0x0,0xffff,0x0,0x0,0x1,0x0,0x0,0x0
0xe3,0xe3,0x0,0x2,0x0,0xffff,0x0,0x0,0x1,0x0,0x0,0x0
0xe4,0xe4,0x0,0x2,0x0,0xffff,0x0,0x0,0x1,0x0,0x0,0x0
0xe5,0xe5,0x0,0x2,0x0,0xffff,0x0,0x0,0x1,0x0,0x0,0x0
0xe6,0xe6,0x0,0x2,0x0,0xffff,0x0,0x0,0x1,0x0,0x0,0x0
0xe7,0xe7,0x0,0x2,0x0,0xffff,0x0,0x0,0x1,0x0,0x0,0x0
0xe8,0xe8,0x0,0x2,0x0,0xffff,0x0,0x0,0x1,0x0,0x0,0x0
0xe9,0xe9,0x0,0x2,0x0,0xffff,0x0,0x0,0x1,0x0,0x0,0x0
0xea,0xea,0x0,0x2,0x0,0xffff,0x0,0x0,0x1,0x0,0x0,0x0
0xeb,0xeb,0x0,0x2,0x0,0xffff,0x0,0x0,0x1,0x0,0x0,0x0
0xec,0xec,0x0,0x2,0x0,0xffff,0x0,0x0,0x1,0x0,0x0,0x0
0xed,0xed,0x0,0x2,0x0,0xffff,0x0,0x0,0x1,0x0,0x0,0x0
0xee,0xee,0x0,0x2,0x0,0xffff,0x0,0x0,0x1,0x0,0x0,0x0
0xef,0xef,0x0,0x2,0x0,0xffff,0x0,0x0,0x1,0x0,0x0,0x0
0xf0,0xf0,0x0,0x2,0x0,0xffff,0x0,0x0,0x1,0x0,0x0,0x0
0xf1,0xf1,0x0,0x2,0x0,0xffff,0x0,0x0,0x1,0x0,0x0,0x0
0xf2,0xf2,0x0,0x2,0x0,0xffff,0x0,0x0,0x1,0x0,0x0,0x0
0xf3,0xf3,0x0,0x2,0x0,0xffff,0x0,0x0,0x1,0x0,0x0,0x0
0xf4,0xf4,0x0,0x2,0x0,0xffff,0x0,0x0,0x1,0x0,0x0,0x0
0xf5,0xf5,0x0,0x2,0x0,0xffff,0x0,0x0,0x1,0x0,0x0,0x0
0xf6,0xf6,0x0,0x2,0x0,0xffff,0x0,0x0,0x1,0x0,0x0,0x0
0xf7,0xf7,0x0,0x2,0x0,0xffff,0x0,0x0,0x1,0x0,0x0,0x0
0xf8,0xf8,0x0,0x2,0x0,0xffff,0x0,0x0,0x1,0x0,0x0,0x0
0xf9,0xf9,0x0,0x2,0x0,0xffff,0x0,0x0,0x1,0x0,0x0,0x0
0xfa,0xfa,0x0,0x2,0x0,0xffff,0x0,0x0,0x1,0x0,0x0,0x0
0xfb,0xfb,0x0,0x2,0x0,0xffff,0x0,0x0,0x1,0x0,0x0,0x0
0xfc,0xfc,0x0,0x2,0x0,0xffff,0x0,0x0,0x1,0x0,0x0,0x0
0xfd,0xfd,0x0,0x2,0x0,0xffff,0x0,0x0,0x1,0x0,0x0,0x0
0xfe,0xfe,0x0,0x2,0x0,0xffff,0x0,0x0,0x1,0x0,0x0,0x0
0xff,0xff,0x0,0x2,0x0,0xffff,0x0,0x0,0x1,0x0,0x0,0x0
TERMINATOR,0xff,0xff,0x2,0x0,0xffff,0x0,0x0,0x1,0x0,0x0,0x0
